,star_rating,helpful_votes,total_votes,vine,verified_purchase
count,9740.0,9740.0,9740.0,9740.0,9740.0
mean,4.191478439425051,1.5905544147843942,1.899794661190965,0.018275154004106776,0.9818275154004107
std,1.2334079099947646,12.453685143068773,13.500986640611908,0.1339515395540241,0.13358172571079444
min,1.0,0.0,0.0,0.0,0.0
25%,4.0,0.0,0.0,0.0,1.0
50%,5.0,0.0,0.0,0.0,1.0
75%,5.0,1.0,1.0,0.0,1.0
max,5.0,499.0,575.0,1.0,1.0
