,star_rating,helpful_votes,total_votes,vine,verified_purchase
count,9800.0,9800.0,9800.0,9800.0,9800.0
mean,4.4097959183673465,0.4576530612244898,0.6813265306122449,0.007142857142857143,0.9928571428571429
std,1.1008100623312063,3.721535175940594,4.214546543474046,0.08421734064522891,0.08421734064522891
min,1.0,0.0,0.0,0.0,0.0
25%,4.0,0.0,0.0,0.0,1.0
50%,5.0,0.0,0.0,0.0,1.0
75%,5.0,0.0,0.0,0.0,1.0
max,5.0,209.0,223.0,1.0,1.0
