,star_rating,helpful_votes,total_votes,vine,verified_purchase
count,1105.0,1105.0,1105.0,1105.0,1105.0
mean,4.031674208144796,4.6416289592760185,5.584615384615384,0.017194570135746608,0.9828054298642533
std,1.3283050803626164,29.54556302468332,31.17154410114999,0.13005469573811002,0.13005469573811002
min,1.0,0.0,0.0,0.0,0.0
25%,4.0,0.0,0.0,0.0,1.0
50%,5.0,1.0,1.0,0.0,1.0
75%,5.0,2.0,3.0,0.0,1.0
max,5.0,814.0,848.0,1.0,1.0
