,product_parent,total_rates_count,star_rating,stars_rate_count,rate_ratio
4,147401377,2,1.0,1,0.5
29,423421857,363,1.0,1,0.0027548209366391185
51,544821753,15,1.0,1,0.06666666666666667
