,star_rating,helpful_votes,total_votes,vine,verified_purchase
count,498.0,498.0,498.0,498.0,498.0
mean,2.1345381526104417,7.8694779116465865,9.160642570281125,0.0,0.0
std,1.5290519568907535,23.613526290491734,24.754291483901838,0.0,0.0
min,1.0,0.0,0.0,0.0,0.0
25%,1.0,0.0,1.0,0.0,0.0
50%,1.0,2.0,3.0,0.0,0.0
75%,3.0,6.0,8.0,0.0,0.0
max,5.0,372.0,380.0,0.0,0.0
