,product_parent,total_rates_count,star_rating,stars_rate_count,rate_ratio
30,392967251,23,1.0,1,0.043478260869565216
42,486381187,18,1.0,1,0.05555555555555555
81,784164614,13,1.0,1,0.07692307692307693
95,921964554,21,1.0,1,0.047619047619047616
