,product_parent,total_rates_count,star_rating,stars_rate_count,rate_ratio
3,109226352,10,5.0,1,0.1
91,827502283,10,5.0,1,0.1
102,943347999,22,5.0,1,0.045454545454545456
37,423421857,31,5.0,2,0.06451612903225806
