,star_rating,helpful_votes,total_votes,vine,verified_purchase
count,1369.0,1369.0,1369.0,1369.0,1369.0
mean,3.6077428780131484,5.640613586559533,6.385682980277575,0.0,0.0
std,1.6028022622066505,22.508529602939316,23.821895786224054,0.0,0.0
min,1.0,0.0,0.0,0.0,0.0
25%,2.0,0.0,0.0,0.0,0.0
50%,4.0,1.0,1.0,0.0,0.0
75%,5.0,3.0,4.0,0.0,0.0
max,5.0,290.0,293.0,0.0,0.0
