,product_parent,total_rates_count,star_rating,stars_rate_count,rate_ratio
37,194533684,28,1.0,1,0.03571428571428571
96,328811288,21,1.0,1,0.047619047619047616
261,919751065,72,1.0,1,0.013888888888888888
