,star_rating,helpful_votes,total_votes,vine,verified_purchase
count,1249.0,1249.0,1249.0,1249.0,1249.0
mean,4.295436349079264,1.6701361088871096,2.2946357085668536,0.0,0.0
std,1.2416335352628034,7.662350517054373,9.511783096542953,0.0,0.0
min,1.0,0.0,0.0,0.0,0.0
25%,4.0,0.0,0.0,0.0,0.0
50%,5.0,0.0,0.0,0.0,0.0
75%,5.0,1.0,1.0,0.0,0.0
max,5.0,135.0,154.0,0.0,0.0
