,product_parent,total_rates_count,star_rating,stars_rate_count,rate_ratio
86,295960359,23,1.0,1,0.043478260869565216
130,381226741,27,1.0,1,0.037037037037037035
